0.00,0.00,0.00,0.00,0.00,0.00,0.00,0.00,1.00,0.00,0.00,0.00,68.70,28.13,46.30,11.72,0.00,34.01,22.26,7.29,5.75,23.57,3.53
0.00,0.00,0.00,0.00,0.00,0.00,1.00,0.00,0.00,0.00,0.00,0.00,51.11,24.53,70.82,9.01,0.00,29.08,20.04,5.90,4.65,23.52,4.20
0.00,0.00,0.00,0.00,0.00,1.00,0.00,0.00,0.00,0.00,0.00,0.00,154.71,23.72,80.00,8.14,0.00,27.82,19.68,5.30,4.33,23.32,8.72
0.00,1.00,0.00,0.00,0.00,0.00,0.00,0.00,0.00,0.00,0.00,0.00,31.72,24.16,72.95,8.27,0.00,28.31,20.04,5.45,4.39,23.34,3.40
0.00,0.00,0.00,0.00,0.00,0.00,0.00,0.00,0.00,0.00,0.00,1.00,132.23,24.55,63.78,9.29,0.00,29.23,19.93,5.77,4.52,23.16,9.72
0.00,0.00,0.00,0.00,0.00,0.00,0.00,0.00,0.00,0.00,1.00,0.00,160.49,23.98,58.18,9.15,0.00,28.57,19.40,5.44,4.07,22.75,7.14
0.00,0.00,0.00,0.00,0.00,0.00,0.00,0.00,0.00,1.00,0.00,0.00,15.18,23.05,45.78,9.69,0.00,27.93,18.24,5.26,3.67,20.61,2.31
0.00,0.00,1.00,0.00,0.00,0.00,0.00,0.00,0.00,0.00,0.00,0.00,11.31,22.48,35.65,10.73,0.00,27.87,17.14,5.34,3.57,18.81,2.57
0.00,0.00,0.00,0.00,1.00,0.00,0.00,0.00,0.00,0.00,0.00,0.00,2.96,23.02,25.84,12.23,0.00,29.17,16.93,5.90,3.98,17.02,1.00
0.00,0.00,0.00,1.00,0.00,0.00,0.00,0.00,0.00,0.00,0.00,0.00,0.09,25.07,22.80,13.18,0.00,31.70,18.49,6.70,4.79,18.08,0.09
0.00,0.00,0.00,0.00,0.00,0.00,0.00,1.00,0.00,0.00,0.00,0.00,18.42,27.18,23.42,13.60,0.00,33.99,20.35,7.50,5.64,19.21,1.25
1.00,0.00,0.00,0.00,0.00,0.00,0.00,0.00,0.00,0.00,0.00,0.00,14.41,28.32,35.00,12.80,0.00,34.77,21.89,7.61,5.95,21.80,2.60
0.00,0.00,0.00,0.00,0.00,0.00,0.00,0.00,1.00,0.00,0.00,0.00,86.58,27.61,46.30,11.72,0.00,33.50,21.75,7.29,5.68,23.33,4.95
0.00,0.00,0.00,0.00,0.00,0.00,1.00,0.00,0.00,0.00,0.00,0.00,77.57,24.25,70.02,9.01,0.00,28.80,19.74,5.89,4.62,23.54,4.58
0.00,0.00,0.00,0.00,0.00,1.00,0.00,0.00,0.00,0.00,0.00,0.00,69.11,23.76,80.00,8.14,0.00,27.86,19.72,5.30,4.32,23.35,6.70
0.00,1.00,0.00,0.00,0.00,0.00,0.00,0.00,0.00,0.00,0.00,0.00,51.41,24.28,72.95,8.27,0.00,28.43,20.16,5.44,4.39,23.34,5.55
0.00,0.00,0.00,0.00,0.00,0.00,0.00,0.00,0.00,0.00,0.00,1.00,94.86,25.05,63.78,9.29,0.00,29.74,20.45,5.81,4.57,23.20,7.34
0.00,0.00,0.00,0.00,0.00,0.00,0.00,0.00,0.00,0.00,1.00,0.00,77.87,23.88,58.54,9.15,0.00,28.47,19.32,5.43,4.05,22.75,5.78
0.00,0.00,0.00,0.00,0.00,0.00,0.00,0.00,0.00,1.00,0.00,0.00,106.82,22.58,45.76,9.69,0.00,27.47,17.77,5.24,3.63,20.74,4.60
0.00,0.00,1.00,0.00,0.00,0.00,0.00,0.00,0.00,0.00,0.00,0.00,4.58,22.72,35.84,10.73,0.00,28.11,17.38,5.35,3.58,18.46,1.10
0.00,0.00,0.00,0.00,1.00,0.00,0.00,0.00,0.00,0.00,0.00,0.00,16.72,21.99,25.84,12.23,0.42,28.14,15.90,5.87,3.87,17.02,1.00
0.00,0.00,0.00,1.00,0.00,0.00,0.00,0.00,0.00,0.00,0.00,0.00,12.42,24.02,22.61,13.18,0.00,30.65,17.47,6.63,4.67,17.57,1.13
0.00,0.00,0.00,0.00,0.00,0.00,0.00,1.00,0.00,0.00,0.00,0.00,0.26,26.91,24.06,13.60,0.00,33.73,20.14,7.43,5.61,18.67,0.20
1.00,0.00,0.00,0.00,0.00,0.00,0.00,0.00,0.00,0.00,0.00,0.00,13.45,28.74,34.98,12.80,0.00,35.18,22.32,7.62,6.01,22.41,2.12
0.00,0.00,0.00,0.00,0.00,0.00,0.00,0.00,1.00,0.00,0.00,0.00,90.12,27.71,46.30,11.72,0.00,33.60,21.84,7.30,5.71,23.33,4.76
0.00,0.00,0.00,0.00,0.00,0.00,1.00,0.00,0.00,0.00,0.00,0.00,121.30,24.82,70.02,9.01,0.00,29.36,20.31,5.89,4.67,23.54,5.12
0.00,0.00,0.00,0.00,0.00,1.00,0.00,0.00,0.00,0.00,0.00,0.00,58.53,24.57,79.62,8.14,0.00,28.68,20.54,5.37,4.42,23.52,7.27
0.00,1.00,0.00,0.00,0.00,0.00,0.00,0.00,0.00,0.00,0.00,0.00,72.59,24.05,72.95,8.27,0.00,28.20,19.93,5.46,4.38,23.34,5.11
0.00,0.00,0.00,0.00,0.00,0.00,0.00,0.00,0.00,0.00,0.00,1.00,295.45,24.73,63.78,9.29,0.00,29.42,20.13,5.76,4.55,23.85,9.41
0.00,0.00,0.00,0.00,0.00,0.00,0.00,0.00,0.00,0.00,1.00,0.00,110.34,24.75,58.19,9.15,0.00,29.34,20.19,5.46,4.15,23.36,6.52
0.00,0.00,0.00,0.00,0.00,0.00,0.00,0.00,0.00,1.00,0.00,0.00,98.76,23.24,46.62,9.69,0.00,28.12,18.39,5.27,3.69,21.05,4.40
0.00,0.00,1.00,0.00,0.00,0.00,0.00,0.00,0.00,0.00,0.00,0.00,16.81,22.70,35.88,10.73,0.00,28.10,17.37,5.35,3.58,18.67,2.00
0.00,0.00,0.00,0.00,1.00,0.00,0.00,0.00,0.00,0.00,0.00,0.00,0.20,22.34,25.84,12.23,0.02,28.48,16.25,5.90,3.91,17.05,0.20
0.00,0.00,0.00,1.00,0.00,0.00,0.00,0.00,0.00,0.00,0.00,0.00,0.00,23.54,22.79,13.18,0.03,30.17,16.99,6.63,4.61,17.57,0.00
0.00,0.00,0.00,0.00,0.00,0.00,0.00,1.00,0.00,0.00,0.00,0.00,22.42,25.96,24.06,13.60,0.00,32.78,19.15,7.39,5.48,18.67,1.70
1.00,0.00,0.00,0.00,0.00,0.00,0.00,0.00,0.00,0.00,0.00,0.00,60.15,28.18,35.00,12.80,0.00,34.63,21.79,7.55,5.93,22.73,3.48
0.00,0.00,0.00,0.00,0.00,0.00,0.00,0.00,1.00,0.00,0.00,0.00,95.83,27.53,46.30,11.72,0.00,33.38,21.66,7.23,5.67,23.32,5.81
0.00,0.00,0.00,0.00,0.00,0.00,1.00,0.00,0.00,0.00,0.00,0.00,79.41,25.28,69.90,9.01,0.00,29.82,20.78,5.91,4.73,23.85,4.63
0.00,0.00,0.00,0.00,0.00,1.00,0.00,0.00,0.00,0.00,0.00,0.00,49.26,25.17,80.00,8.14,0.00,29.28,21.12,5.41,4.49,24.91,4.85
0.00,1.00,0.00,0.00,0.00,0.00,0.00,0.00,0.00,0.00,0.00,0.00,110.25,24.51,72.95,8.27,0.00,28.66,20.39,5.47,4.42,23.38,5.77
0.00,0.00,0.00,0.00,0.00,0.00,0.00,0.00,0.00,0.00,0.00,1.00,66.28,25.74,63.78,9.29,0.00,30.43,21.14,5.82,4.64,24.92,5.30
0.00,0.00,0.00,0.00,0.00,0.00,0.00,0.00,0.00,0.00,1.00,0.00,153.86,24.76,58.18,9.15,0.00,29.34,20.19,5.48,4.15,22.75,8.51
0.00,0.00,0.00,0.00,0.00,0.00,0.00,0.00,0.00,1.00,0.00,0.00,40.91,23.75,46.25,9.69,0.00,28.64,18.89,5.33,3.75,21.87,3.01
0.00,0.00,1.00,0.00,0.00,0.00,0.00,0.00,0.00,0.00,0.00,0.00,50.75,22.42,35.84,10.73,0.00,27.81,17.08,5.36,3.56,18.46,3.04
0.00,0.00,0.00,0.00,1.00,0.00,0.00,0.00,0.00,0.00,0.00,0.00,0.00,22.21,25.84,12.23,0.13,28.35,16.12,5.84,3.90,17.08,0.00
0.00,0.00,0.00,1.00,0.00,0.00,0.00,0.00,0.00,0.00,0.00,0.00,1.54,25.39,22.79,13.18,0.00,32.02,18.85,6.68,4.83,18.56,0.58
0.00,0.00,0.00,0.00,0.00,0.00,0.00,1.00,0.00,0.00,0.00,0.00,0.43,27.60,24.06,13.60,0.00,34.40,20.77,7.54,5.68,19.93,0.24
1.00,0.00,0.00,0.00,0.00,0.00,0.00,0.00,0.00,0.00,0.00,0.00,84.22,27.55,35.00,12.80,0.00,34.00,21.14,7.58,5.86,21.84,5.39
0.00,0.00,0.00,0.00,0.00,0.00,0.00,0.00,1.00,0.00,0.00,0.00,202.75,27.38,46.34,11.72,0.00,33.24,21.49,7.22,5.66,23.26,6.62
0.00,0.00,0.00,0.00,0.00,0.00,1.00,0.00,0.00,0.00,0.00,0.00,32.38,25.49,70.26,9.01,0.00,30.03,21.01,5.93,4.74,24.16,5.10
0.00,0.00,0.00,0.00,0.00,1.00,0.00,0.00,0.00,0.00,0.00,0.00,206.16,24.02,80.00,8.14,0.00,28.13,19.97,5.35,4.37,23.38,9.10
0.00,1.00,0.00,0.00,0.00,0.00,0.00,0.00,0.00,0.00,0.00,0.00,169.13,24.01,72.95,8.27,0.00,28.16,19.89,5.46,4.37,23.34,8.21
0.00,0.00,0.00,0.00,0.00,0.00,0.00,0.00,0.00,0.00,0.00,1.00,261.10,24.16,63.78,9.29,0.00,28.85,19.56,5.71,4.48,23.20,10.27
0.00,0.00,0.00,0.00,0.00,0.00,0.00,0.00,0.00,0.00,1.00,0.00,15.69,24.74,58.79,9.15,0.00,29.33,20.18,5.43,4.14,22.96,3.35
0.00,0.00,0.00,0.00,0.00,0.00,0.00,0.00,0.00,1.00,0.00,0.00,39.93,23.29,45.97,9.69,0.00,28.17,18.44,5.32,3.71,20.61,3.25
0.00,0.00,1.00,0.00,0.00,0.00,0.00,0.00,0.00,0.00,0.00,0.00,28.41,22.09,35.84,10.73,0.00,27.48,16.75,5.34,3.54,18.46,1.97
0.00,0.00,0.00,0.00,1.00,0.00,0.00,0.00,0.00,0.00,0.00,0.00,0.06,22.25,25.56,12.23,0.21,28.40,16.16,5.88,3.90,17.02,0.06
0.00,0.00,0.00,1.00,0.00,0.00,0.00,0.00,0.00,0.00,0.00,0.00,0.00,24.09,22.79,13.18,0.04,30.72,17.51,6.66,4.68,17.09,0.00
0.00,0.00,0.00,0.00,0.00,0.00,0.00,1.00,0.00,0.00,0.00,0.00,5.49,26.02,24.06,13.60,0.00,32.84,19.23,7.41,5.49,18.01,1.47
1.00,0.00,0.00,0.00,0.00,0.00,0.00,0.00,0.00,0.00,0.00,0.00,9.87,28.09,35.00,12.80,0.00,34.51,21.68,7.55,5.91,21.85,2.23
0.00,0.00,0.00,0.00,0.00,0.00,0.00,0.00,1.00,0.00,0.00,0.00,95.21,27.40,46.30,11.72,0.00,33.27,21.51,7.25,5.66,23.28,4.61
0.00,0.00,0.00,0.00,0.00,0.00,1.00,0.00,0.00,0.00,0.00,0.00,108.34,24.72,70.02,9.01,0.00,29.27,20.24,5.88,4.66,23.56,5.12
0.00,0.00,0.00,0.00,0.00,1.00,0.00,0.00,0.00,0.00,0.00,0.00,180.46,23.81,80.00,8.14,0.00,27.91,19.77,5.32,4.34,23.32,8.71
0.00,1.00,0.00,0.00,0.00,0.00,0.00,0.00,0.00,0.00,0.00,0.00,45.99,23.96,72.95,8.27,0.00,28.11,19.84,5.43,4.37,24.17,4.13
0.00,0.00,0.00,0.00,0.00,0.00,0.00,0.00,0.00,0.00,0.00,1.00,173.79,24.51,63.78,9.29,0.00,29.20,19.90,5.75,4.51,23.20,7.93
0.00,0.00,0.00,0.00,0.00,0.00,0.00,0.00,0.00,0.00,1.00,0.00,229.16,24.77,58.34,9.15,0.00,29.36,20.20,5.46,4.14,22.93,8.70
0.00,0.00,0.00,0.00,0.00,0.00,0.00,0.00,0.00,1.00,0.00,0.00,12.12,23.20,45.97,9.69,0.00,28.08,18.36,5.32,3.69,20.62,2.03
0.00,0.00,1.00,0.00,0.00,0.00,0.00,0.00,0.00,0.00,0.00,0.00,4.15,22.30,35.84,10.73,0.00,27.70,16.92,5.35,3.57,18.46,1.13
0.00,0.00,0.00,0.00,1.00,0.00,0.00,0.00,0.00,0.00,0.00,0.00,0.98,22.40,25.84,12.23,0.11,28.54,16.28,5.88,3.93,17.06,0.89
0.00,0.00,0.00,1.00,0.00,0.00,0.00,0.00,0.00,0.00,0.00,0.00,0.19,24.70,22.79,13.18,0.00,31.33,18.16,6.67,4.74,18.02,0.19
0.00,0.00,0.00,0.00,0.00,0.00,0.00,1.00,0.00,0.00,0.00,0.00,4.55,27.15,24.06,13.60,0.00,33.93,20.33,7.45,5.64,19.73,1.27
1.00,0.00,0.00,0.00,0.00,0.00,0.00,0.00,0.00,0.00,0.00,0.00,32.72,28.71,35.00,12.80,0.00,35.15,22.31,7.66,5.99,21.89,2.06
0.00,0.00,0.00,0.00,0.00,0.00,0.00,0.00,1.00,0.00,0.00,0.00,191.15,26.14,46.19,11.72,0.00,32.03,20.28,7.21,5.50,21.99,10.52
0.00,0.00,0.00,0.00,0.00,0.00,1.00,0.00,0.00,0.00,0.00,0.00,55.36,24.60,70.02,9.01,0.00,29.14,20.08,5.87,4.65,23.42,3.83
0.00,0.00,0.00,0.00,0.00,1.00,0.00,0.00,0.00,0.00,0.00,0.00,38.32,23.99,80.00,8.14,0.00,28.10,19.96,5.33,4.36,23.41,5.27
0.00,1.00,0.00,0.00,0.00,0.00,0.00,0.00,0.00,0.00,0.00,0.00,78.44,23.85,72.95,8.27,0.00,28.00,19.72,5.42,4.37,23.34,4.92
0.00,0.00,0.00,0.00,0.00,0.00,0.00,0.00,0.00,0.00,0.00,1.00,68.04,25.06,63.78,9.29,0.00,29.75,20.45,5.77,4.57,23.27,5.77
0.00,0.00,0.00,0.00,0.00,0.00,0.00,0.00,0.00,0.00,1.00,0.00,183.54,24.33,58.30,9.15,0.00,28.91,19.74,5.45,4.10,22.75,8.51
0.00,0.00,0.00,0.00,0.00,0.00,0.00,0.00,0.00,1.00,0.00,0.00,35.81,23.35,46.32,9.69,0.00,28.24,18.54,5.30,3.71,21.16,3.60
0.00,0.00,1.00,0.00,0.00,0.00,0.00,0.00,0.00,0.00,0.00,0.00,9.38,22.20,35.84,10.73,0.00,27.59,16.86,5.28,3.55,18.46,1.21
0.00,0.00,0.00,0.00,1.00,0.00,0.00,0.00,0.00,0.00,0.00,0.00,0.03,23.50,25.84,12.23,0.00,29.65,17.42,5.92,4.04,18.24,0.03
0.00,0.00,0.00,1.00,0.00,0.00,0.00,0.00,0.00,0.00,0.00,0.00,0.02,24.78,22.79,13.18,0.00,31.41,18.23,6.68,4.75,17.57,0.02
0.00,0.00,0.00,0.00,0.00,0.00,0.00,1.00,0.00,0.00,0.00,0.00,0.26,27.64,24.06,13.60,0.00,34.45,20.82,7.53,5.70,19.50,0.22
1.00,0.00,0.00,0.00,0.00,0.00,0.00,0.00,0.00,0.00,0.00,0.00,47.80,27.91,35.00,12.80,0.00,34.35,21.53,7.59,5.89,21.84,3.24
0.00,0.00,0.00,0.00,0.00,0.00,0.00,0.00,1.00,0.00,0.00,0.00,204.38,27.73,46.30,11.72,0.00,33.62,21.86,7.28,5.71,23.33,5.81
0.00,0.00,0.00,0.00,0.00,0.00,1.00,0.00,0.00,0.00,0.00,0.00,191.57,24.66,70.02,9.01,0.00,29.20,20.14,5.91,4.66,23.54,6.47
0.00,0.00,0.00,0.00,0.00,1.00,0.00,0.00,0.00,0.00,0.00,0.00,69.05,23.58,80.00,8.14,0.00,27.69,19.55,5.32,4.31,23.83,6.27
0.00,1.00,0.00,0.00,0.00,0.00,0.00,0.00,0.00,0.00,0.00,0.00,86.44,23.62,72.95,8.27,0.00,27.77,19.50,5.41,4.34,23.34,5.79
0.00,0.00,0.00,0.00,0.00,0.00,0.00,0.00,0.00,0.00,0.00,1.00,85.19,25.02,63.78,9.29,0.00,29.71,20.38,5.78,4.58,23.44,6.34
0.00,0.00,0.00,0.00,0.00,0.00,0.00,0.00,0.00,0.00,1.00,0.00,285.12,24.29,58.18,9.15,0.00,28.88,19.73,5.47,4.09,22.75,9.63
0.00,0.00,0.00,0.00,0.00,0.00,0.00,0.00,0.00,1.00,0.00,0.00,26.57,22.66,45.97,9.69,0.00,27.55,17.83,5.27,3.65,20.61,3.10
0.00,0.00,1.00,0.00,0.00,0.00,0.00,0.00,0.00,0.00,0.00,0.00,0.32,21.87,35.84,10.73,0.00,27.26,16.53,5.34,3.51,18.46,0.26
0.00,0.00,0.00,0.00,1.00,0.00,0.00,0.00,0.00,0.00,0.00,0.00,0.07,21.39,25.84,12.23,0.83,27.53,15.27,5.79,3.83,16.87,0.07
0.00,0.00,0.00,1.00,0.00,0.00,0.00,0.00,0.00,0.00,0.00,0.00,0.00,24.73,22.79,13.18,0.00,31.36,18.16,6.67,4.76,17.13,0.00
0.00,0.00,0.00,0.00,0.00,0.00,0.00,1.00,0.00,0.00,0.00,0.00,0.00,26.48,24.06,13.60,0.00,33.31,19.66,7.45,5.56,18.67,0.00
1.00,0.00,0.00,0.00,0.00,0.00,0.00,0.00,0.00,0.00,0.00,0.00,10.61,28.10,35.00,12.80,0.00,34.49,21.69,7.58,5.91,21.89,2.31
0.00,0.00,0.00,0.00,0.00,0.00,0.00,0.00,1.00,0.00,0.00,0.00,108.71,26.87,46.30,11.72,0.00,32.74,21.02,7.21,5.59,23.33,6.93
0.00,0.00,0.00,0.00,0.00,0.00,1.00,0.00,0.00,0.00,0.00,0.00,159.06,24.81,70.02,9.01,0.00,29.36,20.31,5.88,4.67,23.52,5.25
0.00,0.00,0.00,0.00,0.00,1.00,0.00,0.00,0.00,0.00,0.00,0.00,149.41,24.26,80.00,8.14,0.00,28.36,20.22,5.34,4.38,23.29,7.67
0.00,1.00,0.00,0.00,0.00,0.00,0.00,0.00,0.00,0.00,0.00,0.00,80.33,24.09,72.95,8.27,0.00,28.24,19.96,5.46,4.38,23.34,6.15
0.00,0.00,0.00,0.00,0.00,0.00,0.00,0.00,0.00,0.00,0.00,1.00,100.15,24.63,63.78,9.29,0.00,29.32,20.03,5.76,4.53,23.20,6.88
0.00,0.00,0.00,0.00,0.00,0.00,0.00,0.00,0.00,0.00,1.00,0.00,159.65,24.39,58.18,9.15,0.00,28.98,19.83,5.43,4.11,22.75,7.89
0.00,0.00,0.00,0.00,0.00,0.00,0.00,0.00,0.00,1.00,0.00,0.00,50.40,23.54,45.97,9.69,0.00,28.42,18.73,5.33,3.72,20.61,4.13
0.00,0.00,1.00,0.00,0.00,0.00,0.00,0.00,0.00,0.00,0.00,0.00,1.04,21.44,35.84,10.73,0.11,26.83,16.10,5.28,3.46,18.43,0.65
0.00,0.00,0.00,0.00,1.00,0.00,0.00,0.00,0.00,0.00,0.00,0.00,0.00,22.22,25.84,12.23,0.40,28.36,16.12,5.85,3.91,17.02,0.00
0.00,0.00,0.00,1.00,0.00,0.00,0.00,0.00,0.00,0.00,0.00,0.00,0.01,24.16,22.79,13.18,0.02,30.79,17.59,6.63,4.68,17.57,0.01
0.00,0.00,0.00,0.00,0.00,0.00,0.00,1.00,0.00,0.00,0.00,0.00,24.73,26.69,24.06,13.60,0.00,33.49,19.87,7.43,5.57,18.67,1.25
1.00,0.00,0.00,0.00,0.00,0.00,0.00,0.00,0.00,0.00,0.00,0.00,40.83,28.20,35.00,12.80,0.00,34.65,21.81,7.58,5.93,21.86,2.38
0.00,0.00,0.00,0.00,0.00,0.00,0.00,0.00,1.00,0.00,0.00,0.00,122.39,27.82,46.30,11.72,0.00,33.68,21.96,7.27,5.70,23.28,6.37
0.00,0.00,0.00,0.00,0.00,0.00,1.00,0.00,0.00,0.00,0.00,0.00,127.30,25.30,70.02,9.01,0.00,29.84,20.80,5.92,4.73,23.65,5.62
0.00,0.00,0.00,0.00,0.00,1.00,0.00,0.00,0.00,0.00,0.00,0.00,85.22,24.28,80.00,8.14,0.00,28.38,20.24,5.35,4.38,23.33,6.85
0.00,1.00,0.00,0.00,0.00,0.00,0.00,0.00,0.00,0.00,0.00,0.00,92.28,24.46,72.95,8.27,0.00,28.61,20.34,5.49,4.41,23.34,6.00
0.00,0.00,0.00,0.00,0.00,0.00,0.00,0.00,0.00,0.00,0.00,1.00,152.13,24.13,63.78,9.29,0.00,28.82,19.53,5.75,4.47,23.20,6.65
0.00,0.00,0.00,0.00,0.00,0.00,0.00,0.00,0.00,0.00,1.00,0.00,180.65,24.20,58.18,9.15,0.00,28.79,19.64,5.42,4.08,22.75,9.02
0.00,0.00,0.00,0.00,0.00,0.00,0.00,0.00,0.00,1.00,0.00,0.00,34.26,23.14,45.97,9.69,0.00,28.02,18.33,5.30,3.67,21.25,3.86
0.00,0.00,1.00,0.00,0.00,0.00,0.00,0.00,0.00,0.00,0.00,0.00,73.32,21.67,35.84,10.73,0.05,27.06,16.33,5.28,3.49,18.41,3.28
0.00,0.00,0.00,0.00,1.00,0.00,0.00,0.00,0.00,0.00,0.00,0.00,0.43,22.50,25.84,12.23,0.18,28.65,16.41,5.86,3.93,17.02,0.35
0.00,0.00,0.00,1.00,0.00,0.00,0.00,0.00,0.00,0.00,0.00,0.00,1.41,24.59,22.79,13.18,0.00,31.22,18.00,6.67,4.74,17.51,0.76
0.00,0.00,0.00,0.00,0.00,0.00,0.00,1.00,0.00,0.00,0.00,0.00,4.87,26.98,24.06,13.60,0.00,33.80,20.16,7.47,5.63,18.67,1.24
1.00,0.00,0.00,0.00,0.00,0.00,0.00,0.00,0.00,0.00,0.00,0.00,18.34,27.74,35.00,12.80,0.00,34.19,21.32,7.55,5.88,21.33,3.17
0.00,0.00,0.00,0.00,0.00,0.00,0.00,0.00,1.00,0.00,0.00,0.00,92.14,27.68,46.30,11.72,0.00,33.57,21.82,7.24,5.70,23.54,4.88
0.00,0.00,0.00,0.00,0.00,0.00,1.00,0.00,0.00,0.00,0.00,0.00,43.56,25.07,70.02,9.01,0.00,29.61,20.57,5.92,4.70,23.55,3.88
0.00,0.00,0.00,0.00,0.00,1.00,0.00,0.00,0.00,0.00,0.00,0.00,98.22,23.75,80.00,8.14,0.00,27.86,19.71,5.31,4.33,23.35,7.84
0.00,1.00,0.00,0.00,0.00,0.00,0.00,0.00,0.00,0.00,0.00,0.00,49.76,24.59,72.95,8.27,0.00,28.73,20.46,5.46,4.43,23.34,4.91
0.00,0.00,0.00,0.00,0.00,0.00,0.00,0.00,0.00,0.00,0.00,1.00,51.71,24.82,63.78,9.29,0.00,29.51,20.20,5.81,4.56,24.18,4.37
0.00,0.00,0.00,0.00,0.00,0.00,0.00,0.00,0.00,0.00,1.00,0.00,199.81,24.27,58.18,9.15,0.00,28.86,19.71,5.47,4.10,22.75,9.79
0.00,0.00,0.00,0.00,0.00,0.00,0.00,0.00,0.00,1.00,0.00,0.00,35.93,22.47,45.97,9.69,0.00,27.35,17.66,5.27,3.63,20.61,3.63
0.00,0.00,1.00,0.00,0.00,0.00,0.00,0.00,0.00,0.00,0.00,0.00,6.67,21.25,35.84,10.73,0.07,26.64,15.87,5.28,3.46,18.46,1.07
0.00,0.00,0.00,0.00,1.00,0.00,0.00,0.00,0.00,0.00,0.00,0.00,16.37,22.37,25.84,12.23,0.28,28.52,16.25,5.83,3.93,16.95,1.00
0.00,0.00,0.00,1.00,0.00,0.00,0.00,0.00,0.00,0.00,0.00,0.00,0.10,24.98,22.79,13.18,0.00,31.61,18.43,6.70,4.77,17.57,0.10
0.00,0.00,0.00,0.00,0.00,0.00,0.00,1.00,0.00,0.00,0.00,0.00,15.62,26.47,24.06,13.60,0.00,33.29,19.64,7.46,5.56,18.67,1.64
1.00,0.00,0.00,0.00,0.00,0.00,0.00,0.00,0.00,0.00,0.00,0.00,36.34,28.07,35.00,12.80,0.00,34.49,21.66,7.60,5.92,21.78,3.04
0.00,0.00,0.00,0.00,0.00,0.00,0.00,0.00,1.00,0.00,0.00,0.00,170.96,26.25,46.30,11.72,0.00,32.14,20.39,7.16,5.52,23.30,7.17
0.00,0.00,0.00,0.00,0.00,0.00,1.00,0.00,0.00,0.00,0.00,0.00,90.00,25.95,70.02,9.01,0.00,30.49,21.48,5.91,4.79,24.85,4.13
0.00,0.00,0.00,0.00,0.00,1.00,0.00,0.00,0.00,0.00,0.00,0.00,96.58,24.17,80.00,8.14,0.00,28.27,20.13,5.35,4.38,23.29,6.43
0.00,1.00,0.00,0.00,0.00,0.00,0.00,0.00,0.00,0.00,0.00,0.00,162.77,24.61,72.95,8.27,0.00,28.76,20.48,5.47,4.44,24.50,7.18
0.00,0.00,0.00,0.00,0.00,0.00,0.00,0.00,0.00,0.00,0.00,1.00,158.10,24.73,63.78,9.29,0.00,29.42,20.13,5.77,4.53,23.25,7.97
0.00,0.00,0.00,0.00,0.00,0.00,0.00,0.00,0.00,0.00,1.00,0.00,174.22,24.52,58.18,9.15,0.00,29.11,19.96,5.42,4.10,22.75,9.36
0.00,0.00,0.00,0.00,0.00,0.00,0.00,0.00,0.00,1.00,0.00,0.00,19.97,24.48,45.97,9.69,0.00,29.36,19.67,5.36,3.81,22.18,2.66
0.00,0.00,1.00,0.00,0.00,0.00,0.00,0.00,0.00,0.00,0.00,0.00,0.25,22.23,35.84,10.73,0.00,27.61,16.88,5.35,3.55,18.78,0.25
0.00,0.00,0.00,0.00,1.00,0.00,0.00,0.00,0.00,0.00,0.00,0.00,0.03,22.98,19.00,12.23,0.00,29.13,16.90,6.03,3.97,17.41,0.03
0.00,0.00,0.00,1.00,0.00,0.00,0.00,0.00,0.00,0.00,0.00,0.00,0.04,24.34,11.18,13.18,0.00,30.98,17.80,6.87,4.71,17.51,0.04
0.00,0.00,0.00,0.00,0.00,0.00,0.00,1.00,0.00,0.00,0.00,0.00,0.70,27.08,22.15,13.60,0.00,33.90,20.28,7.51,5.63,19.57,0.16
1.00,0.00,0.00,0.00,0.00,0.00,0.00,0.00,0.00,0.00,0.00,0.00,101.24,27.68,34.52,12.80,0.00,34.13,21.27,7.55,5.86,21.84,4.65
0.00,0.00,0.00,0.00,0.00,0.00,0.00,0.00,1.00,0.00,0.00,0.00,126.53,28.27,45.10,11.72,0.00,34.16,22.43,7.29,5.76,24.09,5.09
0.00,0.00,0.00,0.00,0.00,0.00,1.00,0.00,0.00,0.00,0.00,0.00,206.44,25.05,77.03,9.01,0.00,29.59,20.56,5.78,4.69,23.44,6.57
0.00,0.00,0.00,0.00,0.00,1.00,0.00,0.00,0.00,0.00,0.00,0.00,51.53,24.58,84.16,8.14,0.00,28.68,20.52,5.29,4.42,23.35,5.94
0.00,1.00,0.00,0.00,0.00,0.00,0.00,0.00,0.00,0.00,0.00,0.00,203.06,24.17,78.71,8.27,0.00,28.32,20.05,5.36,4.39,23.34,7.26
0.00,0.00,0.00,0.00,0.00,0.00,0.00,0.00,0.00,0.00,0.00,1.00,171.74,24.44,77.12,9.29,0.00,29.13,19.84,5.52,4.50,23.20,8.32
0.00,0.00,0.00,0.00,0.00,0.00,0.00,0.00,0.00,0.00,1.00,0.00,184.89,24.14,56.25,9.15,0.00,28.73,19.57,5.45,4.08,22.75,8.79
0.00,0.00,0.00,0.00,0.00,0.00,0.00,0.00,0.00,1.00,0.00,0.00,13.34,23.75,54.42,9.69,0.00,28.63,18.90,5.17,3.74,20.77,2.32
0.00,0.00,1.00,0.00,0.00,0.00,0.00,0.00,0.00,0.00,0.00,0.00,21.87,21.86,49.54,10.73,0.10,27.25,16.52,5.07,3.51,18.46,2.10
0.00,0.00,0.00,0.00,1.00,0.00,0.00,0.00,0.00,0.00,0.00,0.00,4.44,22.61,31.06,12.23,0.02,28.76,16.49,5.78,3.94,17.02,1.00
0.00,0.00,0.00,1.00,0.00,0.00,0.00,0.00,0.00,0.00,0.00,0.00,0.00,24.66,16.21,13.18,0.00,31.29,18.10,6.82,4.75,17.14,0.00
0.00,0.00,0.00,0.00,0.00,0.00,0.00,1.00,0.00,0.00,0.00,0.00,22.58,26.58,28.48,13.60,0.00,33.41,19.78,7.39,5.56,18.67,1.84
1.00,0.00,0.00,0.00,0.00,0.00,0.00,0.00,0.00,0.00,0.00,0.00,73.29,26.85,34.34,12.80,0.00,33.30,20.49,7.50,5.75,20.57,3.63
0.00,0.00,0.00,0.00,0.00,0.00,0.00,0.00,1.00,0.00,0.00,0.00,83.37,27.60,46.71,11.72,0.00,33.49,21.73,7.18,5.69,23.32,4.61
0.00,0.00,0.00,0.00,0.00,0.00,1.00,0.00,0.00,0.00,0.00,0.00,76.10,26.43,66.86,9.01,0.00,30.97,21.96,6.02,4.85,25.21,4.62
0.00,0.00,0.00,0.00,0.00,1.00,0.00,0.00,0.00,0.00,0.00,0.00,33.48,24.84,87.22,8.14,0.00,28.94,20.80,5.27,4.44,24.24,5.80
0.00,1.00,0.00,0.00,0.00,0.00,0.00,0.00,0.00,0.00,0.00,0.00,114.25,24.52,76.24,8.27,0.00,28.67,20.40,5.42,4.42,23.34,6.74
0.00,0.00,0.00,0.00,0.00,0.00,0.00,0.00,0.00,0.00,0.00,1.00,161.38,25.21,64.07,9.29,0.00,29.90,20.59,5.79,4.60,23.20,6.35
0.00,0.00,0.00,0.00,0.00,0.00,0.00,0.00,0.00,0.00,1.00,0.00,314.38,24.90,46.76,9.15,0.00,29.49,20.32,5.69,4.17,22.75,10.20
0.00,0.00,0.00,0.00,0.00,0.00,0.00,0.00,0.00,1.00,0.00,0.00,180.44,24.35,55.06,9.69,0.00,29.23,19.54,5.15,3.80,22.12,6.08
0.00,0.00,1.00,0.00,0.00,0.00,0.00,0.00,0.00,0.00,0.00,0.00,27.50,23.12,47.56,10.73,0.00,28.51,17.78,5.15,3.63,19.63,3.25
0.00,0.00,0.00,0.00,1.00,0.00,0.00,0.00,0.00,0.00,0.00,0.00,0.03,23.53,23.82,12.23,0.00,29.68,17.41,5.96,4.03,18.28,0.03
0.00,0.00,0.00,1.00,0.00,0.00,0.00,0.00,0.00,0.00,0.00,0.00,0.18,25.72,17.86,13.18,0.00,32.33,19.15,6.81,4.86,18.82,0.15
0.00,0.00,0.00,0.00,0.00,0.00,0.00,1.00,0.00,0.00,0.00,0.00,0.19,27.92,21.18,13.60,0.00,34.74,21.09,7.57,5.75,20.09,0.16
1.00,0.00,0.00,0.00,0.00,0.00,0.00,0.00,0.00,0.00,0.00,0.00,95.81,28.91,30.16,12.80,0.00,35.36,22.53,7.72,6.01,22.82,3.97
0.00,0.00,0.00,0.00,0.00,0.00,0.00,0.00,1.00,0.00,0.00,0.00,125.06,28.07,51.58,11.72,0.00,33.96,22.21,7.17,5.75,23.94,5.80
0.00,0.00,0.00,0.00,0.00,0.00,1.00,0.00,0.00,0.00,0.00,0.00,59.41,26.26,75.43,9.01,0.00,30.80,21.74,5.89,4.84,25.21,3.93
0.00,0.00,0.00,0.00,0.00,1.00,0.00,0.00,0.00,0.00,0.00,0.00,214.57,24.55,81.26,8.14,0.00,28.66,20.51,5.36,4.42,23.29,9.19
0.00,1.00,0.00,0.00,0.00,0.00,0.00,0.00,0.00,0.00,0.00,0.00,256.60,24.76,76.35,8.27,0.00,28.91,20.64,5.43,4.45,23.34,8.55
0.00,0.00,0.00,0.00,0.00,0.00,0.00,0.00,0.00,0.00,0.00,1.00,144.88,24.59,74.17,9.29,0.00,29.28,19.97,5.58,4.53,23.20,8.14
0.00,0.00,0.00,0.00,0.00,0.00,0.00,0.00,0.00,0.00,1.00,0.00,219.25,24.51,60.50,9.15,0.00,29.09,19.95,5.39,4.10,22.75,9.37
0.00,0.00,0.00,0.00,0.00,0.00,0.00,0.00,0.00,1.00,0.00,0.00,57.15,23.91,44.86,9.69,0.00,28.79,19.10,5.35,3.76,21.00,3.89
0.00,0.00,1.00,0.00,0.00,0.00,0.00,0.00,0.00,0.00,0.00,0.00,45.44,22.48,45.40,10.73,0.00,27.87,17.14,5.17,3.57,18.46,2.42
0.00,0.00,0.00,0.00,1.00,0.00,0.00,0.00,0.00,0.00,0.00,0.00,0.04,22.70,22.68,12.23,0.14,28.85,16.62,5.96,3.96,16.98,0.04
0.00,0.00,0.00,1.00,0.00,0.00,0.00,0.00,0.00,0.00,0.00,0.00,10.57,24.47,18.68,13.18,0.00,31.10,17.92,6.73,4.72,17.57,1.13
0.00,0.00,0.00,0.00,0.00,0.00,0.00,1.00,0.00,0.00,0.00,0.00,0.56,27.49,27.00,13.60,0.00,34.31,20.71,7.43,5.67,19.83,0.16
1.00,0.00,0.00,0.00,0.00,0.00,0.00,0.00,0.00,0.00,0.00,0.00,77.58,27.89,33.22,12.80,0.00,34.34,21.52,7.65,5.88,21.75,3.92
0.00,0.00,0.00,0.00,0.00,0.00,0.00,0.00,1.00,0.00,0.00,0.00,226.05,25.82,59.38,11.72,0.00,31.71,19.99,6.91,5.45,22.05,6.78
0.00,0.00,0.00,0.00,0.00,0.00,1.00,0.00,0.00,0.00,0.00,0.00,73.12,24.77,66.85,9.01,0.00,29.32,20.27,5.91,4.67,23.47,4.59
0.00,0.00,0.00,0.00,0.00,1.00,0.00,0.00,0.00,0.00,0.00,0.00,99.26,24.24,84.33,8.14,0.00,28.35,20.20,5.25,4.40,23.32,6.09
0.00,1.00,0.00,0.00,0.00,0.00,0.00,0.00,0.00,0.00,0.00,0.00,68.21,24.56,71.26,8.27,0.00,28.71,20.44,5.50,4.43,23.34,4.86
0.00,0.00,0.00,0.00,0.00,0.00,0.00,0.00,0.00,0.00,0.00,1.00,100.09,25.22,60.32,9.29,0.00,29.91,20.61,5.87,4.60,23.20,5.97
0.00,0.00,0.00,0.00,0.00,0.00,0.00,0.00,0.00,0.00,1.00,0.00,194.14,24.70,58.75,9.15,0.00,29.28,20.13,5.46,4.14,22.75,9.02
0.00,0.00,0.00,0.00,0.00,0.00,0.00,0.00,0.00,1.00,0.00,0.00,67.57,23.53,36.84,9.69,0.00,28.42,18.73,5.50,3.72,20.59,2.85
0.00,0.00,1.00,0.00,0.00,0.00,0.00,0.00,0.00,0.00,0.00,0.00,5.64,22.09,41.60,10.73,0.01,27.48,16.74,5.21,3.54,18.46,1.02
0.00,0.00,0.00,0.00,1.00,0.00,0.00,0.00,0.00,0.00,0.00,0.00,0.04,23.17,23.04,12.23,0.00,29.32,17.08,5.94,3.99,17.43,0.04
0.00,0.00,0.00,1.00,0.00,0.00,0.00,0.00,0.00,0.00,0.00,0.00,11.83,25.03,36.93,13.18,0.00,31.66,18.45,6.46,4.78,17.79,1.12
0.00,0.00,0.00,0.00,0.00,0.00,0.00,1.00,0.00,0.00,0.00,0.00,0.07,26.54,20.46,13.60,0.00,33.37,19.77,7.52,5.55,18.67,0.07
1.00,0.00,0.00,0.00,0.00,0.00,0.00,0.00,0.00,0.00,0.00,0.00,80.11,28.09,33.22,12.80,0.00,34.48,21.68,7.61,5.91,22.13,4.08
0.00,0.00,0.00,0.00,0.00,0.00,0.00,0.00,1.00,0.00,0.00,0.00,73.29,26.86,46.22,11.72,0.00,32.73,20.97,7.24,5.60,23.33,4.88
0.00,0.00,0.00,0.00,0.00,0.00,1.00,0.00,0.00,0.00,0.00,0.00,89.69,24.39,84.61,9.01,0.00,28.93,19.92,5.58,4.62,23.32,4.78
0.00,0.00,0.00,0.00,0.00,1.00,0.00,0.00,0.00,0.00,0.00,0.00,99.86,24.06,79.21,8.14,0.00,28.17,20.01,5.35,4.37,23.77,6.44
0.00,1.00,0.00,0.00,0.00,0.00,0.00,0.00,0.00,0.00,0.00,0.00,193.46,24.07,73.16,8.27,0.00,28.22,19.95,5.44,4.38,23.34,8.07
0.00,0.00,0.00,0.00,0.00,0.00,0.00,0.00,0.00,0.00,0.00,1.00,132.48,24.91,63.67,9.29,0.00,29.60,20.29,5.79,4.57,23.20,8.91
0.00,0.00,0.00,0.00,0.00,0.00,0.00,0.00,0.00,0.00,1.00,0.00,291.83,24.34,60.58,9.15,0.00,28.93,19.78,5.40,4.10,22.75,9.17
0.00,0.00,0.00,0.00,0.00,0.00,0.00,0.00,0.00,1.00,0.00,0.00,13.40,23.75,39.67,9.69,0.00,28.64,18.88,5.45,3.75,20.99,2.42
0.00,0.00,1.00,0.00,0.00,0.00,0.00,0.00,0.00,0.00,0.00,0.00,14.70,21.90,35.44,10.73,0.01,27.29,16.56,5.32,3.51,18.46,1.48
0.00,0.00,0.00,0.00,1.00,0.00,0.00,0.00,0.00,0.00,0.00,0.00,0.46,23.20,36.97,12.23,0.00,29.34,17.11,5.65,3.99,18.27,0.37
0.00,0.00,0.00,1.00,0.00,0.00,0.00,0.00,0.00,0.00,0.00,0.00,0.12,26.06,19.39,13.18,0.00,32.66,19.48,6.81,4.90,18.70,0.12
0.00,0.00,0.00,0.00,0.00,0.00,0.00,1.00,0.00,0.00,0.00,0.00,3.65,27.43,27.89,13.60,0.00,34.25,20.63,7.47,5.66,19.56,1.24
1.00,0.00,0.00,0.00,0.00,0.00,0.00,0.00,0.00,0.00,0.00,0.00,102.72,28.13,39.50,12.80,0.00,34.54,21.72,7.51,5.91,21.87,5.22
0.00,0.00,0.00,0.00,0.00,0.00,0.00,0.00,1.00,0.00,0.00,0.00,71.60,27.40,45.97,11.72,0.00,33.29,21.54,7.26,5.66,23.34,4.86
0.00,0.00,0.00,0.00,0.00,0.00,1.00,0.00,0.00,0.00,0.00,0.00,35.69,25.16,84.44,9.01,0.00,29.70,20.70,5.61,4.71,23.54,4.24
0.00,0.00,0.00,0.00,0.00,1.00,0.00,0.00,0.00,0.00,0.00,0.00,97.21,24.73,82.74,8.14,0.00,28.83,20.69,5.34,4.43,23.31,7.11
0.00,1.00,0.00,0.00,0.00,0.00,0.00,0.00,0.00,0.00,0.00,0.00,64.21,24.16,76.56,8.27,0.00,28.31,20.04,5.38,4.39,23.34,4.88
0.00,0.00,0.00,0.00,0.00,0.00,0.00,0.00,0.00,0.00,0.00,1.00,150.75,25.32,68.42,9.29,0.00,30.01,20.72,5.72,4.60,23.20,7.90
0.00,0.00,0.00,0.00,0.00,0.00,0.00,0.00,0.00,0.00,1.00,0.00,165.14,24.21,60.91,9.15,0.00,28.80,19.64,5.39,4.08,22.75,8.61
0.00,0.00,0.00,0.00,0.00,0.00,0.00,0.00,0.00,1.00,0.00,0.00,32.04,23.77,45.88,9.69,0.00,28.66,18.91,5.33,3.75,21.47,3.43
0.00,0.00,1.00,0.00,0.00,0.00,0.00,0.00,0.00,0.00,0.00,0.00,8.25,22.21,44.84,10.73,0.01,27.60,16.87,5.15,3.55,18.46,1.28
0.00,0.00,0.00,0.00,1.00,0.00,0.00,0.00,0.00,0.00,0.00,0.00,0.61,23.35,34.91,12.23,0.00,29.49,17.23,5.78,4.01,18.10,0.49
0.00,0.00,0.00,1.00,0.00,0.00,0.00,0.00,0.00,0.00,0.00,0.00,0.12,24.13,24.29,13.18,0.00,30.76,17.53,6.64,4.68,18.05,0.12
0.00,0.00,0.00,0.00,0.00,0.00,0.00,1.00,0.00,0.00,0.00,0.00,0.70,27.28,26.14,13.60,0.00,34.08,20.46,7.42,5.64,19.73,0.64
1.00,0.00,0.00,0.00,0.00,0.00,0.00,0.00,0.00,0.00,0.00,0.00,10.39,28.56,29.63,12.80,0.00,34.95,22.15,7.71,5.98,21.89,1.47
0.00,0.00,0.00,0.00,0.00,0.00,0.00,0.00,1.00,0.00,0.00,0.00,218.10,27.50,56.99,11.72,0.00,33.35,21.63,7.05,5.66,23.32,7.36
0.00,0.00,0.00,0.00,0.00,0.00,1.00,0.00,0.00,0.00,0.00,0.00,160.31,25.29,79.28,9.01,0.00,29.83,20.79,5.73,4.73,23.60,5.53
0.00,0.00,0.00,0.00,0.00,1.00,0.00,0.00,0.00,0.00,0.00,0.00,33.80,24.93,73.37,8.14,0.00,29.03,20.89,5.50,4.44,23.91,3.93
0.00,1.00,0.00,0.00,0.00,0.00,0.00,0.00,0.00,0.00,0.00,0.00,40.27,24.72,71.76,8.27,0.00,28.87,20.60,5.50,4.44,23.39,5.03
0.00,0.00,0.00,0.00,0.00,0.00,0.00,0.00,0.00,0.00,0.00,1.00,60.21,25.87,55.25,9.29,0.00,30.56,21.27,5.99,4.66,24.92,4.72
0.00,0.00,0.00,0.00,0.00,0.00,0.00,0.00,0.00,0.00,1.00,0.00,183.97,25.09,60.42,9.15,0.00,29.68,20.53,5.47,4.17,22.75,9.42
0.00,0.00,0.00,0.00,0.00,0.00,0.00,0.00,0.00,1.00,0.00,0.00,35.17,23.67,41.47,9.69,0.00,28.55,18.84,5.41,3.73,20.61,3.49
0.00,0.00,1.00,0.00,0.00,0.00,0.00,0.00,0.00,0.00,0.00,0.00,4.54,22.78,36.10,10.73,0.00,28.17,17.40,5.35,3.60,18.46,1.05
